Data as of,State,MMWR Week,End Week,Sex,Age Group,Total Deaths,COVID-19 Deaths
9/30/2020,United States,5,2/1/2020,Female,Under 1 year,192,0
9/30/2020,United States,5,2/1/2020,Female,1-4 years,28,0
9/30/2020,United States,5,2/1/2020,Female,5-14 years,48,0
9/30/2020,United States,5,2/1/2020,Female,15-24 years,147,0
9/30/2020,United States,5,2/1/2020,Female,25-34 years,332,0
9/30/2020,United States,5,2/1/2020,Female,35-44 years,596,0
9/30/2020,United States,5,2/1/2020,Female,45-54 years,1291,0
9/30/2020,United States,5,2/1/2020,Female,55-64 years,2978,0
9/30/2020,United States,5,2/1/2020,Female,65-74 years,4937,0
9/30/2020,United States,5,2/1/2020,Female,75-84 years,6759,0
9/30/2020,United States,5,2/1/2020,Female,85 years and over,11201,0
9/30/2020,United States,5,2/1/2020,Female,All ages,28509,0
9/30/2020,United States,6,2/8/2020,Female,Under 1 year,194,0
9/30/2020,United States,6,2/8/2020,Female,1-4 years,35,0
9/30/2020,United States,6,2/8/2020,Female,5-14 years,43,0
9/30/2020,United States,6,2/8/2020,Female,15-24 years,163,0
9/30/2020,United States,6,2/8/2020,Female,25-34 years,368,0
9/30/2020,United States,6,2/8/2020,Female,35-44 years,589,0
9/30/2020,United States,6,2/8/2020,Female,45-54 years,1271,0
9/30/2020,United States,6,2/8/2020,Female,55-64 years,3081,1
9/30/2020,United States,6,2/8/2020,Female,65-74 years,4928,0
9/30/2020,United States,6,2/8/2020,Female,75-84 years,7091,0
9/30/2020,United States,6,2/8/2020,Female,85 years and over,11005,0
9/30/2020,United States,6,2/8/2020,Female,All ages,28768,1
9/30/2020,United States,7,2/15/2020,Female,Under 1 year,184,0
9/30/2020,United States,7,2/15/2020,Female,1-4 years,40,0
9/30/2020,United States,7,2/15/2020,Female,5-14 years,55,0
9/30/2020,United States,7,2/15/2020,Female,15-24 years,161,0
9/30/2020,United States,7,2/15/2020,Female,25-34 years,371,0
9/30/2020,United States,7,2/15/2020,Female,35-44 years,572,0
9/30/2020,United States,7,2/15/2020,Female,45-54 years,1192,0
9/30/2020,United States,7,2/15/2020,Female,55-64 years,3048,0
9/30/2020,United States,7,2/15/2020,Female,65-74 years,4990,0
9/30/2020,United States,7,2/15/2020,Female,75-84 years,6906,0
9/30/2020,United States,7,2/15/2020,Female,85 years and over,11019,0
9/30/2020,United States,7,2/15/2020,Female,All ages,28538,0
9/30/2020,United States,8,2/22/2020,Female,Under 1 year,155,0
9/30/2020,United States,8,2/22/2020,Female,1-4 years,24,0
9/30/2020,United States,8,2/22/2020,Female,5-14 years,38,0
9/30/2020,United States,8,2/22/2020,Female,15-24 years,162,0
9/30/2020,United States,8,2/22/2020,Female,25-34 years,369,0
9/30/2020,United States,8,2/22/2020,Female,35-44 years,624,1
9/30/2020,United States,8,2/22/2020,Female,45-54 years,1287,0
9/30/2020,United States,8,2/22/2020,Female,55-64 years,2956,1
9/30/2020,United States,8,2/22/2020,Female,65-74 years,4935,0
9/30/2020,United States,8,2/22/2020,Female,75-84 years,7035,0
9/30/2020,United States,8,2/22/2020,Female,85 years and over,10956,1
9/30/2020,United States,8,2/22/2020,Female,All ages,28541,3
9/30/2020,United States,9,2/29/2020,Female,Under 1 year,178,0
9/30/2020,United States,9,2/29/2020,Female,1-4 years,41,0
9/30/2020,United States,9,2/29/2020,Female,5-14 years,52,0
9/30/2020,United States,9,2/29/2020,Female,15-24 years,159,0
9/30/2020,United States,9,2/29/2020,Female,25-34 years,373,0
9/30/2020,United States,9,2/29/2020,Female,35-44 years,591,1
9/30/2020,United States,9,2/29/2020,Female,45-54 years,1247,0
9/30/2020,United States,9,2/29/2020,Female,55-64 years,2984,0
9/30/2020,United States,9,2/29/2020,Female,65-74 years,4983,1
9/30/2020,United States,9,2/29/2020,Female,75-84 years,6970,1
9/30/2020,United States,9,2/29/2020,Female,85 years and over,11058,1
9/30/2020,United States,9,2/29/2020,Female,All ages,28636,4
9/30/2020,United States,10,3/7/2020,Female,Under 1 year,166,0
9/30/2020,United States,10,3/7/2020,Female,1-4 years,24,0
9/30/2020,United States,10,3/7/2020,Female,5-14 years,38,0
9/30/2020,United States,10,3/7/2020,Female,15-24 years,134,0
9/30/2020,United States,10,3/7/2020,Female,25-34 years,403,0
9/30/2020,United States,10,3/7/2020,Female,35-44 years,640,0
9/30/2020,United States,10,3/7/2020,Female,45-54 years,1262,0
9/30/2020,United States,10,3/7/2020,Female,55-64 years,2979,0
9/30/2020,United States,10,3/7/2020,Female,65-74 years,4948,3
9/30/2020,United States,10,3/7/2020,Female,75-84 years,6999,4
9/30/2020,United States,10,3/7/2020,Female,85 years and over,10966,8
9/30/2020,United States,10,3/7/2020,Female,All ages,28559,15
9/30/2020,United States,11,3/14/2020,Female,Under 1 year,145,0
9/30/2020,United States,11,3/14/2020,Female,1-4 years,22,0
9/30/2020,United States,11,3/14/2020,Female,5-14 years,45,0
9/30/2020,United States,11,3/14/2020,Female,15-24 years,154,0
9/30/2020,United States,11,3/14/2020,Female,25-34 years,352,0
9/30/2020,United States,11,3/14/2020,Female,35-44 years,613,0
9/30/2020,United States,11,3/14/2020,Female,45-54 years,1204,1
9/30/2020,United States,11,3/14/2020,Female,55-64 years,3047,2
9/30/2020,United States,11,3/14/2020,Female,65-74 years,4952,9
9/30/2020,United States,11,3/14/2020,Female,75-84 years,6812,8
9/30/2020,United States,11,3/14/2020,Female,85 years and over,10857,10
9/30/2020,United States,11,3/14/2020,Female,All ages,28203,30
9/30/2020,United States,12,3/21/2020,Female,Under 1 year,156,0
9/30/2020,United States,12,3/21/2020,Female,1-4 years,36,0
9/30/2020,United States,12,3/21/2020,Female,5-14 years,45,0
9/30/2020,United States,12,3/21/2020,Female,15-24 years,165,1
9/30/2020,United States,12,3/21/2020,Female,25-34 years,385,1
9/30/2020,United States,12,3/21/2020,Female,35-44 years,636,9
9/30/2020,United States,12,3/21/2020,Female,45-54 years,1231,8
9/30/2020,United States,12,3/21/2020,Female,55-64 years,3019,14
9/30/2020,United States,12,3/21/2020,Female,65-74 years,5042,54
9/30/2020,United States,12,3/21/2020,Female,75-84 years,7058,65
9/30/2020,United States,12,3/21/2020,Female,85 years and over,10787,63
9/30/2020,United States,12,3/21/2020,Female,All ages,28560,215
9/30/2020,United States,13,3/28/2020,Female,Under 1 year,176,1
9/30/2020,United States,13,3/28/2020,Female,1-4 years,30,0
9/30/2020,United States,13,3/28/2020,Female,5-14 years,32,0
9/30/2020,United States,13,3/28/2020,Female,15-24 years,141,1
9/30/2020,United States,13,3/28/2020,Female,25-34 years,418,15
9/30/2020,United States,13,3/28/2020,Female,35-44 years,646,35
9/30/2020,United States,13,3/28/2020,Female,45-54 years,1275,70
9/30/2020,United States,13,3/28/2020,Female,55-64 years,3161,157
9/30/2020,United States,13,3/28/2020,Female,65-74 years,5059,254
9/30/2020,United States,13,3/28/2020,Female,75-84 years,7372,336
9/30/2020,United States,13,3/28/2020,Female,85 years and over,11854,374
9/30/2020,United States,13,3/28/2020,Female,All ages,30164,1243
9/30/2020,United States,14,4/4/2020,Female,Under 1 year,147,0
9/30/2020,United States,14,4/4/2020,Female,1-4 years,29,0
9/30/2020,United States,14,4/4/2020,Female,5-14 years,40,0
9/30/2020,United States,14,4/4/2020,Female,15-24 years,176,4
9/30/2020,United States,14,4/4/2020,Female,25-34 years,451,36
9/30/2020,United States,14,4/4/2020,Female,35-44 years,704,71
9/30/2020,United States,14,4/4/2020,Female,45-54 years,1418,179
9/30/2020,United States,14,4/4/2020,Female,55-64 years,3555,481
9/30/2020,United States,14,4/4/2020,Female,65-74 years,5886,865
9/30/2020,United States,14,4/4/2020,Female,75-84 years,8350,1068
9/30/2020,United States,14,4/4/2020,Female,85 years and over,13209,1287
9/30/2020,United States,14,4/4/2020,Female,All ages,33965,3991
9/30/2020,United States,15,4/11/2020,Female,Under 1 year,163,1
9/30/2020,United States,15,4/11/2020,Female,1-4 years,29,1
9/30/2020,United States,15,4/11/2020,Female,5-14 years,38,0
9/30/2020,United States,15,4/11/2020,Female,15-24 years,180,8
9/30/2020,United States,15,4/11/2020,Female,25-34 years,384,35
9/30/2020,United States,15,4/11/2020,Female,35-44 years,727,84
9/30/2020,United States,15,4/11/2020,Female,45-54 years,1534,236
9/30/2020,United States,15,4/11/2020,Female,55-64 years,3798,724
9/30/2020,United States,15,4/11/2020,Female,65-74 years,6491,1347
9/30/2020,United States,15,4/11/2020,Female,75-84 years,9204,1879
9/30/2020,United States,15,4/11/2020,Female,85 years and over,14795,2654
9/30/2020,United States,15,4/11/2020,Female,All ages,37343,6969
9/30/2020,United States,16,4/18/2020,Female,Under 1 year,155,0
9/30/2020,United States,16,4/18/2020,Female,1-4 years,17,0
9/30/2020,United States,16,4/18/2020,Female,5-14 years,34,0
9/30/2020,United States,16,4/18/2020,Female,15-24 years,171,5
9/30/2020,United States,16,4/18/2020,Female,25-34 years,409,29
9/30/2020,United States,16,4/18/2020,Female,35-44 years,680,88
9/30/2020,United States,16,4/18/2020,Female,45-54 years,1484,247
9/30/2020,United States,16,4/18/2020,Female,55-64 years,3574,672
9/30/2020,United States,16,4/18/2020,Female,65-74 years,6024,1272
9/30/2020,United States,16,4/18/2020,Female,75-84 years,8938,2086
9/30/2020,United States,16,4/18/2020,Female,85 years and over,15162,3389
9/30/2020,United States,16,4/18/2020,Female,All ages,36648,7788
9/30/2020,United States,17,4/25/2020,Female,Under 1 year,146,1
9/30/2020,United States,17,4/25/2020,Female,1-4 years,23,0
9/30/2020,United States,17,4/25/2020,Female,5-14 years,41,1
9/30/2020,United States,17,4/25/2020,Female,15-24 years,182,6
9/30/2020,United States,17,4/25/2020,Female,25-34 years,425,26
9/30/2020,United States,17,4/25/2020,Female,35-44 years,652,54
9/30/2020,United States,17,4/25/2020,Female,45-54 years,1452,231
9/30/2020,United States,17,4/25/2020,Female,55-64 years,3511,585
9/30/2020,United States,17,4/25/2020,Female,65-74 years,5726,1126
9/30/2020,United States,17,4/25/2020,Female,75-84 years,8659,1942
9/30/2020,United States,17,4/25/2020,Female,85 years and over,14719,3354
9/30/2020,United States,17,4/25/2020,Female,All ages,35536,7326
9/30/2020,United States,18,5/2/2020,Female,Under 1 year,153,0
9/30/2020,United States,18,5/2/2020,Female,1-4 years,31,0
9/30/2020,United States,18,5/2/2020,Female,5-14 years,34,1
9/30/2020,United States,18,5/2/2020,Female,15-24 years,164,7
9/30/2020,United States,18,5/2/2020,Female,25-34 years,440,26
9/30/2020,United States,18,5/2/2020,Female,35-44 years,729,51
9/30/2020,United States,18,5/2/2020,Female,45-54 years,1320,151
9/30/2020,United States,18,5/2/2020,Female,55-64 years,3185,489
9/30/2020,United States,18,5/2/2020,Female,65-74 years,5655,969
9/30/2020,United States,18,5/2/2020,Female,75-84 years,7943,1619
9/30/2020,United States,18,5/2/2020,Female,85 years and over,13610,3051
9/30/2020,United States,18,5/2/2020,Female,All ages,33264,6364
9/30/2020,United States,19,5/9/2020,Female,Under 1 year,150,1
9/30/2020,United States,19,5/9/2020,Female,1-4 years,28,1
9/30/2020,United States,19,5/9/2020,Female,5-14 years,33,0
9/30/2020,United States,19,5/9/2020,Female,15-24 years,173,6
9/30/2020,United States,19,5/9/2020,Female,25-34 years,454,21
9/30/2020,United States,19,5/9/2020,Female,35-44 years,672,54
9/30/2020,United States,19,5/9/2020,Female,45-54 years,1394,124
9/30/2020,United States,19,5/9/2020,Female,55-64 years,3238,435
9/30/2020,United States,19,5/9/2020,Female,65-74 years,5343,843
9/30/2020,United States,19,5/9/2020,Female,75-84 years,7680,1349
9/30/2020,United States,19,5/9/2020,Female,85 years and over,12612,2561
9/30/2020,United States,19,5/9/2020,Female,All ages,31777,5395
9/30/2020,United States,20,5/16/2020,Female,Under 1 year,170,1
9/30/2020,United States,20,5/16/2020,Female,1-4 years,24,0
9/30/2020,United States,20,5/16/2020,Female,5-14 years,35,0
9/30/2020,United States,20,5/16/2020,Female,15-24 years,183,3
9/30/2020,United States,20,5/16/2020,Female,25-34 years,386,14
9/30/2020,United States,20,5/16/2020,Female,35-44 years,685,39
9/30/2020,United States,20,5/16/2020,Female,45-54 years,1351,132
9/30/2020,United States,20,5/16/2020,Female,55-64 years,3171,365
9/30/2020,United States,20,5/16/2020,Female,65-74 years,5310,762
9/30/2020,United States,20,5/16/2020,Female,75-84 years,7386,1131
9/30/2020,United States,20,5/16/2020,Female,85 years and over,12396,2232
9/30/2020,United States,20,5/16/2020,Female,All ages,31097,4679
9/30/2020,United States,21,5/23/2020,Female,Under 1 year,165,0
9/30/2020,United States,21,5/23/2020,Female,1-4 years,30,0
9/30/2020,United States,21,5/23/2020,Female,5-14 years,37,0
9/30/2020,United States,21,5/23/2020,Female,15-24 years,177,3
9/30/2020,United States,21,5/23/2020,Female,25-34 years,431,18
9/30/2020,United States,21,5/23/2020,Female,35-44 years,684,34
9/30/2020,United States,21,5/23/2020,Female,45-54 years,1321,107
9/30/2020,United States,21,5/23/2020,Female,55-64 years,3104,280
9/30/2020,United States,21,5/23/2020,Female,65-74 years,5077,567
9/30/2020,United States,21,5/23/2020,Female,75-84 years,7033,886
9/30/2020,United States,21,5/23/2020,Female,85 years and over,11485,1595
9/30/2020,United States,21,5/23/2020,Female,All ages,29544,3490
9/30/2020,United States,22,5/30/2020,Female,Under 1 year,143,0
9/30/2020,United States,22,5/30/2020,Female,1-4 years,30,1
9/30/2020,United States,22,5/30/2020,Female,5-14 years,35,0
9/30/2020,United States,22,5/30/2020,Female,15-24 years,168,5
9/30/2020,United States,22,5/30/2020,Female,25-34 years,425,8
9/30/2020,United States,22,5/30/2020,Female,35-44 years,683,32
9/30/2020,United States,22,5/30/2020,Female,45-54 years,1246,100
9/30/2020,United States,22,5/30/2020,Female,55-64 years,2846,225
9/30/2020,United States,22,5/30/2020,Female,65-74 years,4952,535
9/30/2020,United States,22,5/30/2020,Female,75-84 years,6748,704
9/30/2020,United States,22,5/30/2020,Female,85 years and over,10935,1373
9/30/2020,United States,22,5/30/2020,Female,All ages,28211,2983
9/30/2020,United States,23,6/6/2020,Female,Under 1 year,176,0
9/30/2020,United States,23,6/6/2020,Female,1-4 years,33,1
9/30/2020,United States,23,6/6/2020,Female,5-14 years,43,0
9/30/2020,United States,23,6/6/2020,Female,15-24 years,204,3
9/30/2020,United States,23,6/6/2020,Female,25-34 years,440,11
9/30/2020,United States,23,6/6/2020,Female,35-44 years,706,34
9/30/2020,United States,23,6/6/2020,Female,45-54 years,1391,99
9/30/2020,United States,23,6/6/2020,Female,55-64 years,2931,203
9/30/2020,United States,23,6/6/2020,Female,65-74 years,4750,436
9/30/2020,United States,23,6/6/2020,Female,75-84 years,6613,615
9/30/2020,United States,23,6/6/2020,Female,85 years and over,10401,1045
9/30/2020,United States,23,6/6/2020,Female,All ages,27688,2447
9/30/2020,United States,24,6/13/2020,Female,Under 1 year,167,0
9/30/2020,United States,24,6/13/2020,Female,1-4 years,28,0
9/30/2020,United States,24,6/13/2020,Female,5-14 years,48,1
9/30/2020,United States,24,6/13/2020,Female,15-24 years,216,3
9/30/2020,United States,24,6/13/2020,Female,25-34 years,419,20
9/30/2020,United States,24,6/13/2020,Female,35-44 years,677,37
9/30/2020,United States,24,6/13/2020,Female,45-54 years,1341,81
9/30/2020,United States,24,6/13/2020,Female,55-64 years,2946,201
9/30/2020,United States,24,6/13/2020,Female,65-74 years,4883,335
9/30/2020,United States,24,6/13/2020,Female,75-84 years,6445,515
9/30/2020,United States,24,6/13/2020,Female,85 years and over,10214,813
9/30/2020,United States,24,6/13/2020,Female,All ages,27384,2006
9/30/2020,United States,25,6/20/2020,Female,Under 1 year,167,0
9/30/2020,United States,25,6/20/2020,Female,1-4 years,25,0
9/30/2020,United States,25,6/20/2020,Female,5-14 years,50,0
9/30/2020,United States,25,6/20/2020,Female,15-24 years,191,6
9/30/2020,United States,25,6/20/2020,Female,25-34 years,436,17
9/30/2020,United States,25,6/20/2020,Female,35-44 years,688,38
9/30/2020,United States,25,6/20/2020,Female,45-54 years,1317,79
9/30/2020,United States,25,6/20/2020,Female,55-64 years,2879,166
9/30/2020,United States,25,6/20/2020,Female,65-74 years,4759,287
9/30/2020,United States,25,6/20/2020,Female,75-84 years,6573,466
9/30/2020,United States,25,6/20/2020,Female,85 years and over,10110,770
9/30/2020,United States,25,6/20/2020,Female,All ages,27195,1829
9/30/2020,United States,26,6/27/2020,Female,Under 1 year,142,1
9/30/2020,United States,26,6/27/2020,Female,1-4 years,15,2
9/30/2020,United States,26,6/27/2020,Female,5-14 years,58,0
9/30/2020,United States,26,6/27/2020,Female,15-24 years,193,4
9/30/2020,United States,26,6/27/2020,Female,25-34 years,420,13
9/30/2020,United States,26,6/27/2020,Female,35-44 years,663,26
9/30/2020,United States,26,6/27/2020,Female,45-54 years,1288,87
9/30/2020,United States,26,6/27/2020,Female,55-64 years,3055,206
9/30/2020,United States,26,6/27/2020,Female,65-74 years,4865,324
9/30/2020,United States,26,6/27/2020,Female,75-84 years,6617,433
9/30/2020,United States,26,6/27/2020,Female,85 years and over,10231,680
9/30/2020,United States,26,6/27/2020,Female,All ages,27547,1776
9/30/2020,United States,27,7/4/2020,Female,Under 1 year,166,0
9/30/2020,United States,27,7/4/2020,Female,1-4 years,38,0
9/30/2020,United States,27,7/4/2020,Female,5-14 years,62,0
9/30/2020,United States,27,7/4/2020,Female,15-24 years,174,6
9/30/2020,United States,27,7/4/2020,Female,25-34 years,439,25
9/30/2020,United States,27,7/4/2020,Female,35-44 years,680,46
9/30/2020,United States,27,7/4/2020,Female,45-54 years,1390,101
9/30/2020,United States,27,7/4/2020,Female,55-64 years,3120,223
9/30/2020,United States,27,7/4/2020,Female,65-74 years,5039,373
9/30/2020,United States,27,7/4/2020,Female,75-84 years,6634,475
9/30/2020,United States,27,7/4/2020,Female,85 years and over,10316,744
9/30/2020,United States,27,7/4/2020,Female,All ages,28058,1993
9/30/2020,United States,28,7/11/2020,Female,Under 1 year,164,0
9/30/2020,United States,28,7/11/2020,Female,1-4 years,22,0
9/30/2020,United States,28,7/11/2020,Female,5-14 years,59,2
9/30/2020,United States,28,7/11/2020,Female,15-24 years,207,9
9/30/2020,United States,28,7/11/2020,Female,25-34 years,452,18
9/30/2020,United States,28,7/11/2020,Female,35-44 years,703,64
9/30/2020,United States,28,7/11/2020,Female,45-54 years,1358,118
9/30/2020,United States,28,7/11/2020,Female,55-64 years,3211,300
9/30/2020,United States,28,7/11/2020,Female,65-74 years,5119,455
9/30/2020,United States,28,7/11/2020,Female,75-84 years,6870,683
9/30/2020,United States,28,7/11/2020,Female,85 years and over,10569,826
9/30/2020,United States,28,7/11/2020,Female,All ages,28734,2475
9/30/2020,United States,29,7/18/2020,Female,Under 1 year,123,0
9/30/2020,United States,29,7/18/2020,Female,1-4 years,34,0
9/30/2020,United States,29,7/18/2020,Female,5-14 years,42,1
9/30/2020,United States,29,7/18/2020,Female,15-24 years,177,5
9/30/2020,United States,29,7/18/2020,Female,25-34 years,437,38
9/30/2020,United States,29,7/18/2020,Female,35-44 years,748,65
9/30/2020,United States,29,7/18/2020,Female,45-54 years,1430,156
9/30/2020,United States,29,7/18/2020,Female,55-64 years,3157,362
9/30/2020,United States,29,7/18/2020,Female,65-74 years,5224,635
9/30/2020,United States,29,7/18/2020,Female,75-84 years,7047,755
9/30/2020,United States,29,7/18/2020,Female,85 years and over,10756,1065
9/30/2020,United States,29,7/18/2020,Female,All ages,29175,3082
9/30/2020,United States,30,7/25/2020,Female,Under 1 year,144,0
9/30/2020,United States,30,7/25/2020,Female,1-4 years,34,0
9/30/2020,United States,30,7/25/2020,Female,5-14 years,44,0
9/30/2020,United States,30,7/25/2020,Female,15-24 years,180,14
9/30/2020,United States,30,7/25/2020,Female,25-34 years,472,28
9/30/2020,United States,30,7/25/2020,Female,35-44 years,711,71
9/30/2020,United States,30,7/25/2020,Female,45-54 years,1395,183
9/30/2020,United States,30,7/25/2020,Female,55-64 years,3275,430
9/30/2020,United States,30,7/25/2020,Female,65-74 years,5220,742
9/30/2020,United States,30,7/25/2020,Female,75-84 years,7173,910
9/30/2020,United States,30,7/25/2020,Female,85 years and over,10782,1198
9/30/2020,United States,30,7/25/2020,Female,All ages,29430,3576
9/30/2020,United States,31,8/1/2020,Female,Under 1 year,146,0
9/30/2020,United States,31,8/1/2020,Female,1-4 years,29,0
9/30/2020,United States,31,8/1/2020,Female,5-14 years,44,1
9/30/2020,United States,31,8/1/2020,Female,15-24 years,177,8
9/30/2020,United States,31,8/1/2020,Female,25-34 years,361,17
9/30/2020,United States,31,8/1/2020,Female,35-44 years,699,62
9/30/2020,United States,31,8/1/2020,Female,45-54 years,1354,170
9/30/2020,United States,31,8/1/2020,Female,55-64 years,3232,403
9/30/2020,United States,31,8/1/2020,Female,65-74 years,5231,763
9/30/2020,United States,31,8/1/2020,Female,75-84 years,7100,909
9/30/2020,United States,31,8/1/2020,Female,85 years and over,10668,1159
9/30/2020,United States,31,8/1/2020,Female,All ages,29041,3492
9/30/2020,United States,32,8/8/2020,Female,Under 1 year,163,0
9/30/2020,United States,32,8/8/2020,Female,1-4 years,24,0
9/30/2020,United States,32,8/8/2020,Female,5-14 years,34,2
9/30/2020,United States,32,8/8/2020,Female,15-24 years,162,5
9/30/2020,United States,32,8/8/2020,Female,25-34 years,410,24
9/30/2020,United States,32,8/8/2020,Female,35-44 years,697,64
9/30/2020,United States,32,8/8/2020,Female,45-54 years,1339,148
9/30/2020,United States,32,8/8/2020,Female,55-64 years,3338,382
9/30/2020,United States,32,8/8/2020,Female,65-74 years,5129,692
9/30/2020,United States,32,8/8/2020,Female,75-84 years,7160,884
9/30/2020,United States,32,8/8/2020,Female,85 years and over,10658,1139
9/30/2020,United States,32,8/8/2020,Female,All ages,29114,3340
9/30/2020,United States,33,8/15/2020,Female,Under 1 year,126,1
9/30/2020,United States,33,8/15/2020,Female,1-4 years,32,1
9/30/2020,United States,33,8/15/2020,Female,5-14 years,39,0
9/30/2020,United States,33,8/15/2020,Female,15-24 years,200,8
9/30/2020,United States,33,8/15/2020,Female,25-34 years,418,19
9/30/2020,United States,33,8/15/2020,Female,35-44 years,671,62
9/30/2020,United States,33,8/15/2020,Female,45-54 years,1345,125
9/30/2020,United States,33,8/15/2020,Female,55-64 years,3105,354
9/30/2020,United States,33,8/15/2020,Female,65-74 years,5094,603
9/30/2020,United States,33,8/15/2020,Female,75-84 years,7164,835
9/30/2020,United States,33,8/15/2020,Female,85 years and over,10725,1065
9/30/2020,United States,33,8/15/2020,Female,All ages,28919,3073
9/30/2020,United States,34,8/22/2020,Female,Under 1 year,135,0
9/30/2020,United States,34,8/22/2020,Female,1-4 years,19,1
9/30/2020,United States,34,8/22/2020,Female,5-14 years,32,1
9/30/2020,United States,34,8/22/2020,Female,15-24 years,194,7
9/30/2020,United States,34,8/22/2020,Female,25-34 years,370,17
9/30/2020,United States,34,8/22/2020,Female,35-44 years,581,41
9/30/2020,United States,34,8/22/2020,Female,45-54 years,1262,127
9/30/2020,United States,34,8/22/2020,Female,55-64 years,2943,324
9/30/2020,United States,34,8/22/2020,Female,65-74 years,4929,546
9/30/2020,United States,34,8/22/2020,Female,75-84 years,6881,737
9/30/2020,United States,34,8/22/2020,Female,85 years and over,10367,920
9/30/2020,United States,34,8/22/2020,Female,All ages,27713,2721
9/30/2020,United States,35,8/29/2020,Female,Under 1 year,141,0
9/30/2020,United States,35,8/29/2020,Female,1-4 years,25,0
9/30/2020,United States,35,8/29/2020,Female,5-14 years,41,0
9/30/2020,United States,35,8/29/2020,Female,15-24 years,153,3
9/30/2020,United States,35,8/29/2020,Female,25-34 years,341,12
9/30/2020,United States,35,8/29/2020,Female,35-44 years,580,29
9/30/2020,United States,35,8/29/2020,Female,45-54 years,1221,92
9/30/2020,United States,35,8/29/2020,Female,55-64 years,2822,264
9/30/2020,United States,35,8/29/2020,Female,65-74 years,4698,474
9/30/2020,United States,35,8/29/2020,Female,75-84 years,6544,629
9/30/2020,United States,35,8/29/2020,Female,85 years and over,10060,863
9/30/2020,United States,35,8/29/2020,Female,All ages,26626,2366
9/30/2020,United States,36,9/5/2020,Female,Under 1 year,122,0
9/30/2020,United States,36,9/5/2020,Female,1-4 years,23,0
9/30/2020,United States,36,9/5/2020,Female,5-14 years,37,0
9/30/2020,United States,36,9/5/2020,Female,15-24 years,135,5
9/30/2020,United States,36,9/5/2020,Female,25-34 years,312,6
9/30/2020,United States,36,9/5/2020,Female,35-44 years,611,34
9/30/2020,United States,36,9/5/2020,Female,45-54 years,1099,74
9/30/2020,United States,36,9/5/2020,Female,55-64 years,2663,226
9/30/2020,United States,36,9/5/2020,Female,65-74 years,4513,366
9/30/2020,United States,36,9/5/2020,Female,75-84 years,6131,527
9/30/2020,United States,36,9/5/2020,Female,85 years and over,9487,719
9/30/2020,United States,36,9/5/2020,Female,All ages,25133,1957
9/30/2020,United States,37,9/12/2020,Female,Under 1 year,102,0
9/30/2020,United States,37,9/12/2020,Female,1-4 years,15,0
9/30/2020,United States,37,9/12/2020,Female,5-14 years,32,0
9/30/2020,United States,37,9/12/2020,Female,15-24 years,132,4
9/30/2020,United States,37,9/12/2020,Female,25-34 years,294,9
9/30/2020,United States,37,9/12/2020,Female,35-44 years,497,20
9/30/2020,United States,37,9/12/2020,Female,45-54 years,974,62
9/30/2020,United States,37,9/12/2020,Female,55-64 years,2388,139
9/30/2020,United States,37,9/12/2020,Female,65-74 years,4012,307
9/30/2020,United States,37,9/12/2020,Female,75-84 years,5651,415
9/30/2020,United States,37,9/12/2020,Female,85 years and over,8957,563
9/30/2020,United States,37,9/12/2020,Female,All ages,23054,1519
9/30/2020,United States,38,9/19/2020,Female,Under 1 year,71,0
9/30/2020,United States,38,9/19/2020,Female,1-4 years,9,0
9/30/2020,United States,38,9/19/2020,Female,5-14 years,21,0
9/30/2020,United States,38,9/19/2020,Female,15-24 years,100,0
9/30/2020,United States,38,9/19/2020,Female,25-34 years,221,6
9/30/2020,United States,38,9/19/2020,Female,35-44 years,368,11
9/30/2020,United States,38,9/19/2020,Female,45-54 years,782,32
9/30/2020,United States,38,9/19/2020,Female,55-64 years,1799,76
9/30/2020,United States,38,9/19/2020,Female,65-74 years,3271,174
9/30/2020,United States,38,9/19/2020,Female,75-84 years,4633,215
9/30/2020,United States,38,9/19/2020,Female,85 years and over,7549,373
9/30/2020,United States,38,9/19/2020,Female,All ages,18824,887
9/30/2020,United States,39,9/26/2020,Female,Under 1 year,19,0
9/30/2020,United States,39,9/26/2020,Female,1-4 years,2,0
9/30/2020,United States,39,9/26/2020,Female,5-14 years,5,0
9/30/2020,United States,39,9/26/2020,Female,15-24 years,34,0
9/30/2020,United States,39,9/26/2020,Female,25-34 years,94,1
9/30/2020,United States,39,9/26/2020,Female,35-44 years,133,1
9/30/2020,United States,39,9/26/2020,Female,45-54 years,302,5
9/30/2020,United States,39,9/26/2020,Female,55-64 years,802,15
9/30/2020,United States,39,9/26/2020,Female,65-74 years,1415,24
9/30/2020,United States,39,9/26/2020,Female,75-84 years,2103,44
9/30/2020,United States,39,9/26/2020,Female,85 years and over,3675,66
9/30/2020,United States,39,9/26/2020,Female,All ages,8584,156
9/30/2020,United States,,,Female,All ages,998082,89191
9/30/2020,United States,5,2/1/2020,Male,Under 1 year,194,0
9/30/2020,United States,5,2/1/2020,Male,1-4 years,37,0
9/30/2020,United States,5,2/1/2020,Male,5-14 years,62,0
9/30/2020,United States,5,2/1/2020,Male,15-24 years,426,0
9/30/2020,United States,5,2/1/2020,Male,25-34 years,800,0
9/30/2020,United States,5,2/1/2020,Male,35-44 years,1062,0
9/30/2020,United States,5,2/1/2020,Male,45-54 years,2035,0
9/30/2020,United States,5,2/1/2020,Male,55-64 years,4475,0
9/30/2020,United States,5,2/1/2020,Male,65-74 years,6698,0
9/30/2020,United States,5,2/1/2020,Male,75-84 years,7321,0
9/30/2020,United States,5,2/1/2020,Male,85 years and over,6967,0
9/30/2020,United States,5,2/1/2020,Male,All ages,30077,0
9/30/2020,United States,6,2/8/2020,Male,Under 1 year,235,0
9/30/2020,United States,6,2/8/2020,Male,1-4 years,49,0
9/30/2020,United States,6,2/8/2020,Male,5-14 years,56,0
9/30/2020,United States,6,2/8/2020,Male,15-24 years,444,0
9/30/2020,United States,6,2/8/2020,Male,25-34 years,806,0
9/30/2020,United States,6,2/8/2020,Male,35-44 years,1084,0
9/30/2020,United States,6,2/8/2020,Male,45-54 years,1970,0
9/30/2020,United States,6,2/8/2020,Male,55-64 years,4728,0
9/30/2020,United States,6,2/8/2020,Male,65-74 years,6678,0
9/30/2020,United States,6,2/8/2020,Male,75-84 years,7311,0
9/30/2020,United States,6,2/8/2020,Male,85 years and over,7173,0
9/30/2020,United States,6,2/8/2020,Male,All ages,30534,0
9/30/2020,United States,7,2/15/2020,Male,Under 1 year,189,0
9/30/2020,United States,7,2/15/2020,Male,1-4 years,37,0
9/30/2020,United States,7,2/15/2020,Male,5-14 years,72,0
9/30/2020,United States,7,2/15/2020,Male,15-24 years,408,0
9/30/2020,United States,7,2/15/2020,Male,25-34 years,820,0
9/30/2020,United States,7,2/15/2020,Male,35-44 years,1086,0
9/30/2020,United States,7,2/15/2020,Male,45-54 years,1867,0
9/30/2020,United States,7,2/15/2020,Male,55-64 years,4710,0
9/30/2020,United States,7,2/15/2020,Male,65-74 years,6617,0
9/30/2020,United States,7,2/15/2020,Male,75-84 years,7439,0
9/30/2020,United States,7,2/15/2020,Male,85 years and over,6926,0
9/30/2020,United States,7,2/15/2020,Male,All ages,30171,0
9/30/2020,United States,8,2/22/2020,Male,Under 1 year,207,0
9/30/2020,United States,8,2/22/2020,Male,1-4 years,43,0
9/30/2020,United States,8,2/22/2020,Male,5-14 years,62,0
9/30/2020,United States,8,2/22/2020,Male,15-24 years,387,0
9/30/2020,United States,8,2/22/2020,Male,25-34 years,841,0
9/30/2020,United States,8,2/22/2020,Male,35-44 years,1067,0
9/30/2020,United States,8,2/22/2020,Male,45-54 years,1986,0
9/30/2020,United States,8,2/22/2020,Male,55-64 years,4607,1
9/30/2020,United States,8,2/22/2020,Male,65-74 years,6619,1
9/30/2020,United States,8,2/22/2020,Male,75-84 years,7275,0
9/30/2020,United States,8,2/22/2020,Male,85 years and over,7113,0
9/30/2020,United States,8,2/22/2020,Male,All ages,30207,2
9/30/2020,United States,9,2/29/2020,Male,Under 1 year,236,0
9/30/2020,United States,9,2/29/2020,Male,1-4 years,39,0
9/30/2020,United States,9,2/29/2020,Male,5-14 years,65,0
9/30/2020,United States,9,2/29/2020,Male,15-24 years,412,0
9/30/2020,United States,9,2/29/2020,Male,25-34 years,891,0
9/30/2020,United States,9,2/29/2020,Male,35-44 years,1060,0
9/30/2020,United States,9,2/29/2020,Male,45-54 years,2039,1
9/30/2020,United States,9,2/29/2020,Male,55-64 years,4698,1
9/30/2020,United States,9,2/29/2020,Male,65-74 years,6707,2
9/30/2020,United States,9,2/29/2020,Male,75-84 years,7443,1
9/30/2020,United States,9,2/29/2020,Male,85 years and over,6955,0
9/30/2020,United States,9,2/29/2020,Male,All ages,30545,5
9/30/2020,United States,10,3/7/2020,Male,Under 1 year,195,0
9/30/2020,United States,10,3/7/2020,Male,1-4 years,46,0
9/30/2020,United States,10,3/7/2020,Male,5-14 years,58,0
9/30/2020,United States,10,3/7/2020,Male,15-24 years,444,0
9/30/2020,United States,10,3/7/2020,Male,25-34 years,819,1
9/30/2020,United States,10,3/7/2020,Male,35-44 years,1154,1
9/30/2020,United States,10,3/7/2020,Male,45-54 years,1982,0
9/30/2020,United States,10,3/7/2020,Male,55-64 years,4821,5
9/30/2020,United States,10,3/7/2020,Male,65-74 years,6826,7
9/30/2020,United States,10,3/7/2020,Male,75-84 years,7541,3
9/30/2020,United States,10,3/7/2020,Male,85 years and over,7134,3
9/30/2020,United States,10,3/7/2020,Male,All ages,31020,20
9/30/2020,United States,11,3/14/2020,Male,Under 1 year,208,0
9/30/2020,United States,11,3/14/2020,Male,1-4 years,45,0
9/30/2020,United States,11,3/14/2020,Male,5-14 years,67,0
9/30/2020,United States,11,3/14/2020,Male,15-24 years,455,0
9/30/2020,United States,11,3/14/2020,Male,25-34 years,833,0
9/30/2020,United States,11,3/14/2020,Male,35-44 years,1112,0
9/30/2020,United States,11,3/14/2020,Male,45-54 years,1980,0
9/30/2020,United States,11,3/14/2020,Male,55-64 years,4533,3
9/30/2020,United States,11,3/14/2020,Male,65-74 years,6763,8
9/30/2020,United States,11,3/14/2020,Male,75-84 years,7351,7
9/30/2020,United States,11,3/14/2020,Male,85 years and over,6998,5
9/30/2020,United States,11,3/14/2020,Male,All ages,30345,23
9/30/2020,United States,12,3/21/2020,Male,Under 1 year,232,0
9/30/2020,United States,12,3/21/2020,Male,1-4 years,46,1
9/30/2020,United States,12,3/21/2020,Male,5-14 years,52,1
9/30/2020,United States,12,3/21/2020,Male,15-24 years,425,0
9/30/2020,United States,12,3/21/2020,Male,25-34 years,844,4
9/30/2020,United States,12,3/21/2020,Male,35-44 years,1145,10
9/30/2020,United States,12,3/21/2020,Male,45-54 years,1964,33
9/30/2020,United States,12,3/21/2020,Male,55-64 years,4657,52
9/30/2020,United States,12,3/21/2020,Male,65-74 years,6740,87
9/30/2020,United States,12,3/21/2020,Male,75-84 years,7556,91
9/30/2020,United States,12,3/21/2020,Male,85 years and over,6877,77
9/30/2020,United States,12,3/21/2020,Male,All ages,30538,356
9/30/2020,United States,13,3/28/2020,Male,Under 1 year,187,1
9/30/2020,United States,13,3/28/2020,Male,1-4 years,46,0
9/30/2020,United States,13,3/28/2020,Male,5-14 years,44,1
9/30/2020,United States,13,3/28/2020,Male,15-24 years,462,5
9/30/2020,United States,13,3/28/2020,Male,25-34 years,872,24
9/30/2020,United States,13,3/28/2020,Male,35-44 years,1217,78
9/30/2020,United States,13,3/28/2020,Male,45-54 years,2163,175
9/30/2020,United States,13,3/28/2020,Male,55-64 years,4944,307
9/30/2020,United States,13,3/28/2020,Male,65-74 years,7154,457
9/30/2020,United States,13,3/28/2020,Male,75-84 years,8169,494
9/30/2020,United States,13,3/28/2020,Male,85 years and over,7460,367
9/30/2020,United States,13,3/28/2020,Male,All ages,32718,1909
9/30/2020,United States,14,4/4/2020,Male,Under 1 year,189,1
9/30/2020,United States,14,4/4/2020,Male,1-4 years,27,0
9/30/2020,United States,14,4/4/2020,Male,5-14 years,57,0
9/30/2020,United States,14,4/4/2020,Male,15-24 years,443,10
9/30/2020,United States,14,4/4/2020,Male,25-34 years,957,78
9/30/2020,United States,14,4/4/2020,Male,35-44 years,1317,195
9/30/2020,United States,14,4/4/2020,Male,45-54 years,2621,511
9/30/2020,United States,14,4/4/2020,Male,55-64 years,5961,986
9/30/2020,United States,14,4/4/2020,Male,65-74 years,8485,1467
9/30/2020,United States,14,4/4/2020,Male,75-84 years,9395,1598
9/30/2020,United States,14,4/4/2020,Male,85 years and over,8721,1179
9/30/2020,United States,14,4/4/2020,Male,All ages,38173,6025
9/30/2020,United States,15,4/11/2020,Male,Under 1 year,221,0
9/30/2020,United States,15,4/11/2020,Male,1-4 years,25,0
9/30/2020,United States,15,4/11/2020,Male,5-14 years,62,2
9/30/2020,United States,15,4/11/2020,Male,15-24 years,509,16
9/30/2020,United States,15,4/11/2020,Male,25-34 years,1032,74
9/30/2020,United States,15,4/11/2020,Male,35-44 years,1511,221
9/30/2020,United States,15,4/11/2020,Male,45-54 years,2729,616
9/30/2020,United States,15,4/11/2020,Male,55-64 years,6297,1449
9/30/2020,United States,15,4/11/2020,Male,65-74 years,9313,2269
9/30/2020,United States,15,4/11/2020,Male,75-84 years,10238,2528
9/30/2020,United States,15,4/11/2020,Male,85 years and over,9621,2032
9/30/2020,United States,15,4/11/2020,Male,All ages,41558,9207
9/30/2020,United States,16,4/18/2020,Male,Under 1 year,188,0
9/30/2020,United States,16,4/18/2020,Male,1-4 years,36,0
9/30/2020,United States,16,4/18/2020,Male,5-14 years,53,0
9/30/2020,United States,16,4/18/2020,Male,15-24 years,436,12
9/30/2020,United States,16,4/18/2020,Male,25-34 years,1010,93
9/30/2020,United States,16,4/18/2020,Male,35-44 years,1337,195
9/30/2020,United States,16,4/18/2020,Male,45-54 years,2580,546
9/30/2020,United States,16,4/18/2020,Male,55-64 years,5925,1342
9/30/2020,United States,16,4/18/2020,Male,65-74 years,8965,2277
9/30/2020,United States,16,4/18/2020,Male,75-84 years,9929,2524
9/30/2020,United States,16,4/18/2020,Male,85 years and over,9450,2278
9/30/2020,United States,16,4/18/2020,Male,All ages,39909,9267
9/30/2020,United States,17,4/25/2020,Male,Under 1 year,212,1
9/30/2020,United States,17,4/25/2020,Male,1-4 years,39,0
9/30/2020,United States,17,4/25/2020,Male,5-14 years,65,0
9/30/2020,United States,17,4/25/2020,Male,15-24 years,516,17
9/30/2020,United States,17,4/25/2020,Male,25-34 years,1004,47
9/30/2020,United States,17,4/25/2020,Male,35-44 years,1400,157
9/30/2020,United States,17,4/25/2020,Male,45-54 years,2445,459
9/30/2020,United States,17,4/25/2020,Male,55-64 years,5804,1163
9/30/2020,United States,17,4/25/2020,Male,65-74 years,8366,1920
9/30/2020,United States,17,4/25/2020,Male,75-84 years,9441,2230
9/30/2020,United States,17,4/25/2020,Male,85 years and over,8823,2105
9/30/2020,United States,17,4/25/2020,Male,All ages,38115,8099
9/30/2020,United States,18,5/2/2020,Male,Under 1 year,178,1
9/30/2020,United States,18,5/2/2020,Male,1-4 years,34,0
9/30/2020,United States,18,5/2/2020,Male,5-14 years,62,2
9/30/2020,United States,18,5/2/2020,Male,15-24 years,493,6
9/30/2020,United States,18,5/2/2020,Male,25-34 years,1018,52
9/30/2020,United States,18,5/2/2020,Male,35-44 years,1382,152
9/30/2020,United States,18,5/2/2020,Male,45-54 years,2387,365
9/30/2020,United States,18,5/2/2020,Male,55-64 years,5506,908
9/30/2020,United States,18,5/2/2020,Male,65-74 years,7970,1652
9/30/2020,United States,18,5/2/2020,Male,75-84 years,8649,1862
9/30/2020,United States,18,5/2/2020,Male,85 years and over,8109,1773
9/30/2020,United States,18,5/2/2020,Male,All ages,35788,6773
9/30/2020,United States,19,5/9/2020,Male,Under 1 year,209,1
9/30/2020,United States,19,5/9/2020,Male,1-4 years,49,0
9/30/2020,United States,19,5/9/2020,Male,5-14 years,67,3
9/30/2020,United States,19,5/9/2020,Male,15-24 years,535,13
9/30/2020,United States,19,5/9/2020,Male,25-34 years,985,36
9/30/2020,United States,19,5/9/2020,Male,35-44 years,1416,117
9/30/2020,United States,19,5/9/2020,Male,45-54 years,2454,334
9/30/2020,United States,19,5/9/2020,Male,55-64 years,5501,834
9/30/2020,United States,19,5/9/2020,Male,65-74 years,7687,1439
9/30/2020,United States,19,5/9/2020,Male,75-84 years,8335,1552
9/30/2020,United States,19,5/9/2020,Male,85 years and over,7617,1438
9/30/2020,United States,19,5/9/2020,Male,All ages,34855,5767
9/30/2020,United States,20,5/16/2020,Male,Under 1 year,218,0
9/30/2020,United States,20,5/16/2020,Male,1-4 years,48,1
9/30/2020,United States,20,5/16/2020,Male,5-14 years,57,3
9/30/2020,United States,20,5/16/2020,Male,15-24 years,486,8
9/30/2020,United States,20,5/16/2020,Male,25-34 years,1046,42
9/30/2020,United States,20,5/16/2020,Male,35-44 years,1386,103
9/30/2020,United States,20,5/16/2020,Male,45-54 years,2384,286
9/30/2020,United States,20,5/16/2020,Male,55-64 years,5076,641
9/30/2020,United States,20,5/16/2020,Male,65-74 years,7207,1039
9/30/2020,United States,20,5/16/2020,Male,75-84 years,7884,1193
9/30/2020,United States,20,5/16/2020,Male,85 years and over,7387,1162
9/30/2020,United States,20,5/16/2020,Male,All ages,33179,4478
9/30/2020,United States,21,5/23/2020,Male,Under 1 year,212,0
9/30/2020,United States,21,5/23/2020,Male,1-4 years,39,0
9/30/2020,United States,21,5/23/2020,Male,5-14 years,67,0
9/30/2020,United States,21,5/23/2020,Male,15-24 years,498,3
9/30/2020,United States,21,5/23/2020,Male,25-34 years,1065,43
9/30/2020,United States,21,5/23/2020,Male,35-44 years,1378,80
9/30/2020,United States,21,5/23/2020,Male,45-54 years,2289,220
9/30/2020,United States,21,5/23/2020,Male,55-64 years,5070,570
9/30/2020,United States,21,5/23/2020,Male,65-74 years,6886,877
9/30/2020,United States,21,5/23/2020,Male,75-84 years,7381,956
9/30/2020,United States,21,5/23/2020,Male,85 years and over,6946,916
9/30/2020,United States,21,5/23/2020,Male,All ages,31831,3665
9/30/2020,United States,22,5/30/2020,Male,Under 1 year,218,0
9/30/2020,United States,22,5/30/2020,Male,1-4 years,34,0
9/30/2020,United States,22,5/30/2020,Male,5-14 years,75,0
9/30/2020,United States,22,5/30/2020,Male,15-24 years,500,6
9/30/2020,United States,22,5/30/2020,Male,25-34 years,1055,28
9/30/2020,United States,22,5/30/2020,Male,35-44 years,1375,70
9/30/2020,United States,22,5/30/2020,Male,45-54 years,2380,203
9/30/2020,United States,22,5/30/2020,Male,55-64 years,4851,480
9/30/2020,United States,22,5/30/2020,Male,65-74 years,6781,740
9/30/2020,United States,22,5/30/2020,Male,75-84 years,7323,828
9/30/2020,United States,22,5/30/2020,Male,85 years and over,6611,767
9/30/2020,United States,22,5/30/2020,Male,All ages,31203,3122
9/30/2020,United States,23,6/6/2020,Male,Under 1 year,211,1
9/30/2020,United States,23,6/6/2020,Male,1-4 years,42,1
9/30/2020,United States,23,6/6/2020,Male,5-14 years,84,0
9/30/2020,United States,23,6/6/2020,Male,15-24 years,554,3
9/30/2020,United States,23,6/6/2020,Male,25-34 years,1115,29
9/30/2020,United States,23,6/6/2020,Male,35-44 years,1338,70
9/30/2020,United States,23,6/6/2020,Male,45-54 years,2359,198
9/30/2020,United States,23,6/6/2020,Male,55-64 years,4911,377
9/30/2020,United States,23,6/6/2020,Male,65-74 years,6762,627
9/30/2020,United States,23,6/6/2020,Male,75-84 years,7096,642
9/30/2020,United States,23,6/6/2020,Male,85 years and over,6450,588
9/30/2020,United States,23,6/6/2020,Male,All ages,30922,2536
9/30/2020,United States,24,6/13/2020,Male,Under 1 year,194,1
9/30/2020,United States,24,6/13/2020,Male,1-4 years,41,0
9/30/2020,United States,24,6/13/2020,Male,5-14 years,75,0
9/30/2020,United States,24,6/13/2020,Male,15-24 years,576,5
9/30/2020,United States,24,6/13/2020,Male,25-34 years,1039,30
9/30/2020,United States,24,6/13/2020,Male,35-44 years,1262,63
9/30/2020,United States,24,6/13/2020,Male,45-54 years,2262,175
9/30/2020,United States,24,6/13/2020,Male,55-64 years,4884,375
9/30/2020,United States,24,6/13/2020,Male,65-74 years,6570,525
9/30/2020,United States,24,6/13/2020,Male,75-84 years,7046,542
9/30/2020,United States,24,6/13/2020,Male,85 years and over,6390,465
9/30/2020,United States,24,6/13/2020,Male,All ages,30339,2181
9/30/2020,United States,25,6/20/2020,Male,Under 1 year,208,0
9/30/2020,United States,25,6/20/2020,Male,1-4 years,54,1
9/30/2020,United States,25,6/20/2020,Male,5-14 years,62,0
9/30/2020,United States,25,6/20/2020,Male,15-24 years,526,4
9/30/2020,United States,25,6/20/2020,Male,25-34 years,1090,15
9/30/2020,United States,25,6/20/2020,Male,35-44 years,1256,62
9/30/2020,United States,25,6/20/2020,Male,45-54 years,2287,155
9/30/2020,United States,25,6/20/2020,Male,55-64 years,4837,346
9/30/2020,United States,25,6/20/2020,Male,65-74 years,6712,471
9/30/2020,United States,25,6/20/2020,Male,75-84 years,7090,486
9/30/2020,United States,25,6/20/2020,Male,85 years and over,6291,426
9/30/2020,United States,25,6/20/2020,Male,All ages,30413,1966
9/30/2020,United States,26,6/27/2020,Male,Under 1 year,187,1
9/30/2020,United States,26,6/27/2020,Male,1-4 years,33,0
9/30/2020,United States,26,6/27/2020,Male,5-14 years,56,0
9/30/2020,United States,26,6/27/2020,Male,15-24 years,603,8
9/30/2020,United States,26,6/27/2020,Male,25-34 years,1094,21
9/30/2020,United States,26,6/27/2020,Male,35-44 years,1332,62
9/30/2020,United States,26,6/27/2020,Male,45-54 years,2262,172
9/30/2020,United States,26,6/27/2020,Male,55-64 years,4760,327
9/30/2020,United States,26,6/27/2020,Male,65-74 years,6557,470
9/30/2020,United States,26,6/27/2020,Male,75-84 years,7130,511
9/30/2020,United States,26,6/27/2020,Male,85 years and over,6528,418
9/30/2020,United States,26,6/27/2020,Male,All ages,30542,1990
9/30/2020,United States,27,7/4/2020,Male,Under 1 year,200,2
9/30/2020,United States,27,7/4/2020,Male,1-4 years,37,0
9/30/2020,United States,27,7/4/2020,Male,5-14 years,67,2
9/30/2020,United States,27,7/4/2020,Male,15-24 years,567,12
9/30/2020,United States,27,7/4/2020,Male,25-34 years,1085,41
9/30/2020,United States,27,7/4/2020,Male,35-44 years,1389,94
9/30/2020,United States,27,7/4/2020,Male,45-54 years,2336,212
9/30/2020,United States,27,7/4/2020,Male,55-64 years,5058,397
9/30/2020,United States,27,7/4/2020,Male,65-74 years,6688,590
9/30/2020,United States,27,7/4/2020,Male,75-84 years,7222,594
9/30/2020,United States,27,7/4/2020,Male,85 years and over,6592,511
9/30/2020,United States,27,7/4/2020,Male,All ages,31241,2455
9/30/2020,United States,28,7/11/2020,Male,Under 1 year,212,2
9/30/2020,United States,28,7/11/2020,Male,1-4 years,55,1
9/30/2020,United States,28,7/11/2020,Male,5-14 years,72,1
9/30/2020,United States,28,7/11/2020,Male,15-24 years,612,11
9/30/2020,United States,28,7/11/2020,Male,25-34 years,1018,52
9/30/2020,United States,28,7/11/2020,Male,35-44 years,1486,129
9/30/2020,United States,28,7/11/2020,Male,45-54 years,2458,239
9/30/2020,United States,28,7/11/2020,Male,55-64 years,5296,529
9/30/2020,United States,28,7/11/2020,Male,65-74 years,7286,795
9/30/2020,United States,28,7/11/2020,Male,75-84 years,7374,786
9/30/2020,United States,28,7/11/2020,Male,85 years and over,6580,634
9/30/2020,United States,28,7/11/2020,Male,All ages,32449,3179
9/30/2020,United States,29,7/18/2020,Male,Under 1 year,168,1
9/30/2020,United States,29,7/18/2020,Male,1-4 years,39,0
9/30/2020,United States,29,7/18/2020,Male,5-14 years,73,0
9/30/2020,United States,29,7/18/2020,Male,15-24 years,583,16
9/30/2020,United States,29,7/18/2020,Male,25-34 years,1130,56
9/30/2020,United States,29,7/18/2020,Male,35-44 years,1471,123
9/30/2020,United States,29,7/18/2020,Male,45-54 years,2335,288
9/30/2020,United States,29,7/18/2020,Male,55-64 years,5213,647
9/30/2020,United States,29,7/18/2020,Male,65-74 years,7221,948
9/30/2020,United States,29,7/18/2020,Male,75-84 years,7710,1054
9/30/2020,United States,29,7/18/2020,Male,85 years and over,6989,811
9/30/2020,United States,29,7/18/2020,Male,All ages,32932,3944
9/30/2020,United States,30,7/25/2020,Male,Under 1 year,203,0
9/30/2020,United States,30,7/25/2020,Male,1-4 years,44,0
9/30/2020,United States,30,7/25/2020,Male,5-14 years,70,3
9/30/2020,United States,30,7/25/2020,Male,15-24 years,562,11
9/30/2020,United States,30,7/25/2020,Male,25-34 years,1066,51
9/30/2020,United States,30,7/25/2020,Male,35-44 years,1400,144
9/30/2020,United States,30,7/25/2020,Male,45-54 years,2365,322
9/30/2020,United States,30,7/25/2020,Male,55-64 years,5109,679
9/30/2020,United States,30,7/25/2020,Male,65-74 years,7450,1136
9/30/2020,United States,30,7/25/2020,Male,75-84 years,7936,1210
9/30/2020,United States,30,7/25/2020,Male,85 years and over,6938,863
9/30/2020,United States,30,7/25/2020,Male,All ages,33143,4419
9/30/2020,United States,31,8/1/2020,Male,Under 1 year,147,0
9/30/2020,United States,31,8/1/2020,Male,1-4 years,35,0
9/30/2020,United States,31,8/1/2020,Male,5-14 years,52,3
9/30/2020,United States,31,8/1/2020,Male,15-24 years,520,12
9/30/2020,United States,31,8/1/2020,Male,25-34 years,1036,39
9/30/2020,United States,31,8/1/2020,Male,35-44 years,1419,132
9/30/2020,United States,31,8/1/2020,Male,45-54 years,2298,318
9/30/2020,United States,31,8/1/2020,Male,55-64 years,5157,737
9/30/2020,United States,31,8/1/2020,Male,65-74 years,7345,1112
9/30/2020,United States,31,8/1/2020,Male,75-84 years,7886,1235
9/30/2020,United States,31,8/1/2020,Male,85 years and over,6801,927
9/30/2020,United States,31,8/1/2020,Male,All ages,32696,4515
9/30/2020,United States,32,8/8/2020,Male,Under 1 year,185,0
9/30/2020,United States,32,8/8/2020,Male,1-4 years,46,1
9/30/2020,United States,32,8/8/2020,Male,5-14 years,54,0
9/30/2020,United States,32,8/8/2020,Male,15-24 years,516,10
9/30/2020,United States,32,8/8/2020,Male,25-34 years,1005,33
9/30/2020,United States,32,8/8/2020,Male,35-44 years,1345,100
9/30/2020,United States,32,8/8/2020,Male,45-54 years,2334,294
9/30/2020,United States,32,8/8/2020,Male,55-64 years,5125,643
9/30/2020,United States,32,8/8/2020,Male,65-74 years,7351,1056
9/30/2020,United States,32,8/8/2020,Male,75-84 years,7940,1191
9/30/2020,United States,32,8/8/2020,Male,85 years and over,6778,844
9/30/2020,United States,32,8/8/2020,Male,All ages,32679,4172
9/30/2020,United States,33,8/15/2020,Male,Under 1 year,161,0
9/30/2020,United States,33,8/15/2020,Male,1-4 years,29,0
9/30/2020,United States,33,8/15/2020,Male,5-14 years,56,0
9/30/2020,United States,33,8/15/2020,Male,15-24 years,516,10
9/30/2020,United States,33,8/15/2020,Male,25-34 years,999,29
9/30/2020,United States,33,8/15/2020,Male,35-44 years,1282,99
9/30/2020,United States,33,8/15/2020,Male,45-54 years,2232,259
9/30/2020,United States,33,8/15/2020,Male,55-64 years,4963,594
9/30/2020,United States,33,8/15/2020,Male,65-74 years,7273,938
9/30/2020,United States,33,8/15/2020,Male,75-84 years,7695,1066
9/30/2020,United States,33,8/15/2020,Male,85 years and over,6691,786
9/30/2020,United States,33,8/15/2020,Male,All ages,31897,3781
9/30/2020,United States,34,8/22/2020,Male,Under 1 year,153,0
9/30/2020,United States,34,8/22/2020,Male,1-4 years,25,1
9/30/2020,United States,34,8/22/2020,Male,5-14 years,48,0
9/30/2020,United States,34,8/22/2020,Male,15-24 years,489,9
9/30/2020,United States,34,8/22/2020,Male,25-34 years,928,25
9/30/2020,United States,34,8/22/2020,Male,35-44 years,1221,73
9/30/2020,United States,34,8/22/2020,Male,45-54 years,2150,222
9/30/2020,United States,34,8/22/2020,Male,55-64 years,4593,476
9/30/2020,United States,34,8/22/2020,Male,65-74 years,6886,826
9/30/2020,United States,34,8/22/2020,Male,75-84 years,7296,828
9/30/2020,United States,34,8/22/2020,Male,85 years and over,6589,668
9/30/2020,United States,34,8/22/2020,Male,All ages,30378,3128
9/30/2020,United States,35,8/29/2020,Male,Under 1 year,139,0
9/30/2020,United States,35,8/29/2020,Male,1-4 years,26,0
9/30/2020,United States,35,8/29/2020,Male,5-14 years,50,1
9/30/2020,United States,35,8/29/2020,Male,15-24 years,481,8
9/30/2020,United States,35,8/29/2020,Male,25-34 years,887,15
9/30/2020,United States,35,8/29/2020,Male,35-44 years,1181,59
9/30/2020,United States,35,8/29/2020,Male,45-54 years,1916,161
9/30/2020,United States,35,8/29/2020,Male,55-64 years,4372,434
9/30/2020,United States,35,8/29/2020,Male,65-74 years,6309,717
9/30/2020,United States,35,8/29/2020,Male,75-84 years,6900,740
9/30/2020,United States,35,8/29/2020,Male,85 years and over,6401,605
9/30/2020,United States,35,8/29/2020,Male,All ages,28662,2740
9/30/2020,United States,36,9/5/2020,Male,Under 1 year,132,0
9/30/2020,United States,36,9/5/2020,Male,1-4 years,25,0
9/30/2020,United States,36,9/5/2020,Male,5-14 years,42,0
9/30/2020,United States,36,9/5/2020,Male,15-24 years,417,3
9/30/2020,United States,36,9/5/2020,Male,25-34 years,850,21
9/30/2020,United States,36,9/5/2020,Male,35-44 years,1089,35
9/30/2020,United States,36,9/5/2020,Male,45-54 years,1897,133
9/30/2020,United States,36,9/5/2020,Male,55-64 years,4065,311
9/30/2020,United States,36,9/5/2020,Male,65-74 years,5975,548
9/30/2020,United States,36,9/5/2020,Male,75-84 years,6552,658
9/30/2020,United States,36,9/5/2020,Male,85 years and over,5930,496
9/30/2020,United States,36,9/5/2020,Male,All ages,26974,2205
9/30/2020,United States,37,9/12/2020,Male,Under 1 year,144,0
9/30/2020,United States,37,9/12/2020,Male,1-4 years,28,0
9/30/2020,United States,37,9/12/2020,Male,5-14 years,47,0
9/30/2020,United States,37,9/12/2020,Male,15-24 years,412,4
9/30/2020,United States,37,9/12/2020,Male,25-34 years,741,18
9/30/2020,United States,37,9/12/2020,Male,35-44 years,965,45
9/30/2020,United States,37,9/12/2020,Male,45-54 years,1635,109
9/30/2020,United States,37,9/12/2020,Male,55-64 years,3811,294
9/30/2020,United States,37,9/12/2020,Male,65-74 years,5528,444
9/30/2020,United States,37,9/12/2020,Male,75-84 years,6134,491
9/30/2020,United States,37,9/12/2020,Male,85 years and over,5572,388
9/30/2020,United States,37,9/12/2020,Male,All ages,25017,1793
9/30/2020,United States,38,9/19/2020,Male,Under 1 year,81,0
9/30/2020,United States,38,9/19/2020,Male,1-4 years,20,0
9/30/2020,United States,38,9/19/2020,Male,5-14 years,34,0
9/30/2020,United States,38,9/19/2020,Male,15-24 years,293,1
9/30/2020,United States,38,9/19/2020,Male,25-34 years,542,5
9/30/2020,United States,38,9/19/2020,Male,35-44 years,695,26
9/30/2020,United States,38,9/19/2020,Male,45-54 years,1190,45
9/30/2020,United States,38,9/19/2020,Male,55-64 years,2862,138
9/30/2020,United States,38,9/19/2020,Male,65-74 years,4342,238
9/30/2020,United States,38,9/19/2020,Male,75-84 years,5028,294
9/30/2020,United States,38,9/19/2020,Male,85 years and over,4832,268
9/30/2020,United States,38,9/19/2020,Male,All ages,19919,1015
9/30/2020,United States,39,9/26/2020,Male,Under 1 year,34,0
9/30/2020,United States,39,9/26/2020,Male,1-4 years,7,0
9/30/2020,United States,39,9/26/2020,Male,5-14 years,17,0
9/30/2020,United States,39,9/26/2020,Male,15-24 years,89,0
9/30/2020,United States,39,9/26/2020,Male,25-34 years,196,1
9/30/2020,United States,39,9/26/2020,Male,35-44 years,298,3
9/30/2020,United States,39,9/26/2020,Male,45-54 years,494,12
9/30/2020,United States,39,9/26/2020,Male,55-64 years,1102,21
9/30/2020,United States,39,9/26/2020,Male,65-74 years,1750,39
9/30/2020,United States,39,9/26/2020,Male,75-84 years,2121,44
9/30/2020,United States,39,9/26/2020,Male,85 years and over,2263,39
9/30/2020,United States,39,9/26/2020,Male,All ages,8371,159
9/30/2020,United States,,,Male,All ages,1089340,104896
9/30/2020,United States,5,2/1/2020,All Sex,Under 1 year,386,0
9/30/2020,United States,5,2/1/2020,All Sex,1-4 years,65,0
9/30/2020,United States,5,2/1/2020,All Sex,5-14 years,110,0
9/30/2020,United States,5,2/1/2020,All Sex,15-24 years,573,0
9/30/2020,United States,5,2/1/2020,All Sex,25-34 years,1132,0
9/30/2020,United States,5,2/1/2020,All Sex,35-44 years,1658,0
9/30/2020,United States,5,2/1/2020,All Sex,45-54 years,3326,0
9/30/2020,United States,5,2/1/2020,All Sex,55-64 years,7453,0
9/30/2020,United States,5,2/1/2020,All Sex,65-74 years,11635,0
9/30/2020,United States,5,2/1/2020,All Sex,75-84 years,14080,0
9/30/2020,United States,5,2/1/2020,All Sex,85 years and over,18168,0
9/30/2020,United States,6,2/8/2020,All Sex,Under 1 year,429,0
9/30/2020,United States,6,2/8/2020,All Sex,1-4 years,84,0
9/30/2020,United States,6,2/8/2020,All Sex,5-14 years,99,0
9/30/2020,United States,6,2/8/2020,All Sex,15-24 years,607,0
9/30/2020,United States,6,2/8/2020,All Sex,25-34 years,1174,0
9/30/2020,United States,6,2/8/2020,All Sex,35-44 years,1673,0
9/30/2020,United States,6,2/8/2020,All Sex,45-54 years,3241,0
9/30/2020,United States,6,2/8/2020,All Sex,55-64 years,7809,1
9/30/2020,United States,6,2/8/2020,All Sex,65-74 years,11606,0
9/30/2020,United States,6,2/8/2020,All Sex,75-84 years,14402,0
9/30/2020,United States,6,2/8/2020,All Sex,85 years and over,18178,0
9/30/2020,United States,7,2/15/2020,All Sex,Under 1 year,373,0
9/30/2020,United States,7,2/15/2020,All Sex,1-4 years,77,0
9/30/2020,United States,7,2/15/2020,All Sex,5-14 years,127,0
9/30/2020,United States,7,2/15/2020,All Sex,15-24 years,569,0
9/30/2020,United States,7,2/15/2020,All Sex,25-34 years,1191,0
9/30/2020,United States,7,2/15/2020,All Sex,35-44 years,1658,0
9/30/2020,United States,7,2/15/2020,All Sex,45-54 years,3059,0
9/30/2020,United States,7,2/15/2020,All Sex,55-64 years,7758,0
9/30/2020,United States,7,2/15/2020,All Sex,65-74 years,11607,0
9/30/2020,United States,7,2/15/2020,All Sex,75-84 years,14345,0
9/30/2020,United States,7,2/15/2020,All Sex,85 years and over,17945,0
9/30/2020,United States,8,2/22/2020,All Sex,Under 1 year,362,0
9/30/2020,United States,8,2/22/2020,All Sex,1-4 years,67,0
9/30/2020,United States,8,2/22/2020,All Sex,5-14 years,100,0
9/30/2020,United States,8,2/22/2020,All Sex,15-24 years,549,0
9/30/2020,United States,8,2/22/2020,All Sex,25-34 years,1210,0
9/30/2020,United States,8,2/22/2020,All Sex,35-44 years,1691,1
9/30/2020,United States,8,2/22/2020,All Sex,45-54 years,3273,0
9/30/2020,United States,8,2/22/2020,All Sex,55-64 years,7563,2
9/30/2020,United States,8,2/22/2020,All Sex,65-74 years,11554,1
9/30/2020,United States,8,2/22/2020,All Sex,75-84 years,14310,0
9/30/2020,United States,8,2/22/2020,All Sex,85 years and over,18069,1
9/30/2020,United States,9,2/29/2020,All Sex,Under 1 year,414,0
9/30/2020,United States,9,2/29/2020,All Sex,1-4 years,80,0
9/30/2020,United States,9,2/29/2020,All Sex,5-14 years,117,0
9/30/2020,United States,9,2/29/2020,All Sex,15-24 years,571,0
9/30/2020,United States,9,2/29/2020,All Sex,25-34 years,1264,0
9/30/2020,United States,9,2/29/2020,All Sex,35-44 years,1651,1
9/30/2020,United States,9,2/29/2020,All Sex,45-54 years,3286,1
9/30/2020,United States,9,2/29/2020,All Sex,55-64 years,7682,1
9/30/2020,United States,9,2/29/2020,All Sex,65-74 years,11690,3
9/30/2020,United States,9,2/29/2020,All Sex,75-84 years,14413,2
9/30/2020,United States,9,2/29/2020,All Sex,85 years and over,18013,1
9/30/2020,United States,10,3/7/2020,All Sex,Under 1 year,361,0
9/30/2020,United States,10,3/7/2020,All Sex,1-4 years,70,0
9/30/2020,United States,10,3/7/2020,All Sex,5-14 years,96,0
9/30/2020,United States,10,3/7/2020,All Sex,15-24 years,578,0
9/30/2020,United States,10,3/7/2020,All Sex,25-34 years,1222,1
9/30/2020,United States,10,3/7/2020,All Sex,35-44 years,1794,1
9/30/2020,United States,10,3/7/2020,All Sex,45-54 years,3244,0
9/30/2020,United States,10,3/7/2020,All Sex,55-64 years,7800,5
9/30/2020,United States,10,3/7/2020,All Sex,65-74 years,11774,10
9/30/2020,United States,10,3/7/2020,All Sex,75-84 years,14540,7
9/30/2020,United States,10,3/7/2020,All Sex,85 years and over,18100,11
9/30/2020,United States,11,3/14/2020,All Sex,Under 1 year,353,0
9/30/2020,United States,11,3/14/2020,All Sex,1-4 years,67,0
9/30/2020,United States,11,3/14/2020,All Sex,5-14 years,112,0
9/30/2020,United States,11,3/14/2020,All Sex,15-24 years,609,0
9/30/2020,United States,11,3/14/2020,All Sex,25-34 years,1185,0
9/30/2020,United States,11,3/14/2020,All Sex,35-44 years,1725,0
9/30/2020,United States,11,3/14/2020,All Sex,45-54 years,3184,1
9/30/2020,United States,11,3/14/2020,All Sex,55-64 years,7580,5
9/30/2020,United States,11,3/14/2020,All Sex,65-74 years,11715,17
9/30/2020,United States,11,3/14/2020,All Sex,75-84 years,14163,15
9/30/2020,United States,11,3/14/2020,All Sex,85 years and over,17855,15
9/30/2020,United States,12,3/21/2020,All Sex,Under 1 year,388,0
9/30/2020,United States,12,3/21/2020,All Sex,1-4 years,82,1
9/30/2020,United States,12,3/21/2020,All Sex,5-14 years,97,1
9/30/2020,United States,12,3/21/2020,All Sex,15-24 years,590,1
9/30/2020,United States,12,3/21/2020,All Sex,25-34 years,1229,5
9/30/2020,United States,12,3/21/2020,All Sex,35-44 years,1781,19
9/30/2020,United States,12,3/21/2020,All Sex,45-54 years,3195,41
9/30/2020,United States,12,3/21/2020,All Sex,55-64 years,7676,66
9/30/2020,United States,12,3/21/2020,All Sex,65-74 years,11782,141
9/30/2020,United States,12,3/21/2020,All Sex,75-84 years,14614,156
9/30/2020,United States,12,3/21/2020,All Sex,85 years and over,17664,140
9/30/2020,United States,13,3/28/2020,All Sex,Under 1 year,363,2
9/30/2020,United States,13,3/28/2020,All Sex,1-4 years,76,0
9/30/2020,United States,13,3/28/2020,All Sex,5-14 years,76,1
9/30/2020,United States,13,3/28/2020,All Sex,15-24 years,603,6
9/30/2020,United States,13,3/28/2020,All Sex,25-34 years,1290,39
9/30/2020,United States,13,3/28/2020,All Sex,35-44 years,1863,113
9/30/2020,United States,13,3/28/2020,All Sex,45-54 years,3438,245
9/30/2020,United States,13,3/28/2020,All Sex,55-64 years,8105,464
9/30/2020,United States,13,3/28/2020,All Sex,65-74 years,12213,711
9/30/2020,United States,13,3/28/2020,All Sex,75-84 years,15541,830
9/30/2020,United States,13,3/28/2020,All Sex,85 years and over,19314,741
9/30/2020,United States,14,4/4/2020,All Sex,Under 1 year,336,1
9/30/2020,United States,14,4/4/2020,All Sex,1-4 years,56,0
9/30/2020,United States,14,4/4/2020,All Sex,5-14 years,97,0
9/30/2020,United States,14,4/4/2020,All Sex,15-24 years,619,14
9/30/2020,United States,14,4/4/2020,All Sex,25-34 years,1408,114
9/30/2020,United States,14,4/4/2020,All Sex,35-44 years,2021,266
9/30/2020,United States,14,4/4/2020,All Sex,45-54 years,4039,690
9/30/2020,United States,14,4/4/2020,All Sex,55-64 years,9516,1467
9/30/2020,United States,14,4/4/2020,All Sex,65-74 years,14371,2332
9/30/2020,United States,14,4/4/2020,All Sex,75-84 years,17745,2666
9/30/2020,United States,14,4/4/2020,All Sex,85 years and over,21930,2466
9/30/2020,United States,15,4/11/2020,All Sex,Under 1 year,384,1
9/30/2020,United States,15,4/11/2020,All Sex,1-4 years,54,1
9/30/2020,United States,15,4/11/2020,All Sex,5-14 years,100,2
9/30/2020,United States,15,4/11/2020,All Sex,15-24 years,689,24
9/30/2020,United States,15,4/11/2020,All Sex,25-34 years,1416,109
9/30/2020,United States,15,4/11/2020,All Sex,35-44 years,2238,305
9/30/2020,United States,15,4/11/2020,All Sex,45-54 years,4263,852
9/30/2020,United States,15,4/11/2020,All Sex,55-64 years,10095,2173
9/30/2020,United States,15,4/11/2020,All Sex,65-74 years,15804,3616
9/30/2020,United States,15,4/11/2020,All Sex,75-84 years,19442,4407
9/30/2020,United States,15,4/11/2020,All Sex,85 years and over,24416,4686
9/30/2020,United States,16,4/18/2020,All Sex,Under 1 year,343,0
9/30/2020,United States,16,4/18/2020,All Sex,1-4 years,53,0
9/30/2020,United States,16,4/18/2020,All Sex,5-14 years,87,0
9/30/2020,United States,16,4/18/2020,All Sex,15-24 years,607,17
9/30/2020,United States,16,4/18/2020,All Sex,25-34 years,1419,122
9/30/2020,United States,16,4/18/2020,All Sex,35-44 years,2017,283
9/30/2020,United States,16,4/18/2020,All Sex,45-54 years,4064,793
9/30/2020,United States,16,4/18/2020,All Sex,55-64 years,9499,2014
9/30/2020,United States,16,4/18/2020,All Sex,65-74 years,14989,3549
9/30/2020,United States,16,4/18/2020,All Sex,75-84 years,18867,4610
9/30/2020,United States,16,4/18/2020,All Sex,85 years and over,24612,5667
9/30/2020,United States,17,4/25/2020,All Sex,Under 1 year,358,2
9/30/2020,United States,17,4/25/2020,All Sex,1-4 years,62,0
9/30/2020,United States,17,4/25/2020,All Sex,5-14 years,106,1
9/30/2020,United States,17,4/25/2020,All Sex,15-24 years,698,23
9/30/2020,United States,17,4/25/2020,All Sex,25-34 years,1429,73
9/30/2020,United States,17,4/25/2020,All Sex,35-44 years,2052,211
9/30/2020,United States,17,4/25/2020,All Sex,45-54 years,3897,690
9/30/2020,United States,17,4/25/2020,All Sex,55-64 years,9315,1748
9/30/2020,United States,17,4/25/2020,All Sex,65-74 years,14092,3046
9/30/2020,United States,17,4/25/2020,All Sex,75-84 years,18100,4172
9/30/2020,United States,17,4/25/2020,All Sex,85 years and over,23542,5459
9/30/2020,United States,18,5/2/2020,All Sex,Under 1 year,331,1
9/30/2020,United States,18,5/2/2020,All Sex,1-4 years,65,0
9/30/2020,United States,18,5/2/2020,All Sex,5-14 years,96,3
9/30/2020,United States,18,5/2/2020,All Sex,15-24 years,657,13
9/30/2020,United States,18,5/2/2020,All Sex,25-34 years,1458,78
9/30/2020,United States,18,5/2/2020,All Sex,35-44 years,2111,203
9/30/2020,United States,18,5/2/2020,All Sex,45-54 years,3707,516
9/30/2020,United States,18,5/2/2020,All Sex,55-64 years,8691,1397
9/30/2020,United States,18,5/2/2020,All Sex,65-74 years,13625,2621
9/30/2020,United States,18,5/2/2020,All Sex,75-84 years,16592,3481
9/30/2020,United States,18,5/2/2020,All Sex,85 years and over,21719,4824
9/30/2020,United States,19,5/9/2020,All Sex,Under 1 year,359,2
9/30/2020,United States,19,5/9/2020,All Sex,1-4 years,77,1
9/30/2020,United States,19,5/9/2020,All Sex,5-14 years,100,3
9/30/2020,United States,19,5/9/2020,All Sex,15-24 years,708,19
9/30/2020,United States,19,5/9/2020,All Sex,25-34 years,1439,57
9/30/2020,United States,19,5/9/2020,All Sex,35-44 years,2088,171
9/30/2020,United States,19,5/9/2020,All Sex,45-54 years,3848,458
9/30/2020,United States,19,5/9/2020,All Sex,55-64 years,8739,1269
9/30/2020,United States,19,5/9/2020,All Sex,65-74 years,13030,2282
9/30/2020,United States,19,5/9/2020,All Sex,75-84 years,16015,2901
9/30/2020,United States,19,5/9/2020,All Sex,85 years and over,20229,3999
9/30/2020,United States,20,5/16/2020,All Sex,Under 1 year,388,1
9/30/2020,United States,20,5/16/2020,All Sex,1-4 years,72,1
9/30/2020,United States,20,5/16/2020,All Sex,5-14 years,92,3
9/30/2020,United States,20,5/16/2020,All Sex,15-24 years,669,11
9/30/2020,United States,20,5/16/2020,All Sex,25-34 years,1432,56
9/30/2020,United States,20,5/16/2020,All Sex,35-44 years,2071,142
9/30/2020,United States,20,5/16/2020,All Sex,45-54 years,3735,418
9/30/2020,United States,20,5/16/2020,All Sex,55-64 years,8247,1006
9/30/2020,United States,20,5/16/2020,All Sex,65-74 years,12517,1801
9/30/2020,United States,20,5/16/2020,All Sex,75-84 years,15270,2324
9/30/2020,United States,20,5/16/2020,All Sex,85 years and over,19783,3394
9/30/2020,United States,21,5/23/2020,All Sex,Under 1 year,377,0
9/30/2020,United States,21,5/23/2020,All Sex,1-4 years,69,0
9/30/2020,United States,21,5/23/2020,All Sex,5-14 years,104,0
9/30/2020,United States,21,5/23/2020,All Sex,15-24 years,675,6
9/30/2020,United States,21,5/23/2020,All Sex,25-34 years,1496,61
9/30/2020,United States,21,5/23/2020,All Sex,35-44 years,2062,114
9/30/2020,United States,21,5/23/2020,All Sex,45-54 years,3610,327
9/30/2020,United States,21,5/23/2020,All Sex,55-64 years,8174,850
9/30/2020,United States,21,5/23/2020,All Sex,65-74 years,11963,1444
9/30/2020,United States,21,5/23/2020,All Sex,75-84 years,14414,1842
9/30/2020,United States,21,5/23/2020,All Sex,85 years and over,18431,2511
9/30/2020,United States,22,5/30/2020,All Sex,Under 1 year,361,0
9/30/2020,United States,22,5/30/2020,All Sex,1-4 years,64,1
9/30/2020,United States,22,5/30/2020,All Sex,5-14 years,110,0
9/30/2020,United States,22,5/30/2020,All Sex,15-24 years,668,11
9/30/2020,United States,22,5/30/2020,All Sex,25-34 years,1480,36
9/30/2020,United States,22,5/30/2020,All Sex,35-44 years,2058,102
9/30/2020,United States,22,5/30/2020,All Sex,45-54 years,3626,303
9/30/2020,United States,22,5/30/2020,All Sex,55-64 years,7697,705
9/30/2020,United States,22,5/30/2020,All Sex,65-74 years,11733,1275
9/30/2020,United States,22,5/30/2020,All Sex,75-84 years,14071,1532
9/30/2020,United States,22,5/30/2020,All Sex,85 years and over,17546,2140
9/30/2020,United States,23,6/6/2020,All Sex,Under 1 year,387,1
9/30/2020,United States,23,6/6/2020,All Sex,1-4 years,75,2
9/30/2020,United States,23,6/6/2020,All Sex,5-14 years,127,0
9/30/2020,United States,23,6/6/2020,All Sex,15-24 years,758,6
9/30/2020,United States,23,6/6/2020,All Sex,25-34 years,1555,40
9/30/2020,United States,23,6/6/2020,All Sex,35-44 years,2044,104
9/30/2020,United States,23,6/6/2020,All Sex,45-54 years,3750,297
9/30/2020,United States,23,6/6/2020,All Sex,55-64 years,7842,580
9/30/2020,United States,23,6/6/2020,All Sex,65-74 years,11512,1063
9/30/2020,United States,23,6/6/2020,All Sex,75-84 years,13709,1257
9/30/2020,United States,23,6/6/2020,All Sex,85 years and over,16851,1633
9/30/2020,United States,24,6/13/2020,All Sex,Under 1 year,361,1
9/30/2020,United States,24,6/13/2020,All Sex,1-4 years,69,0
9/30/2020,United States,24,6/13/2020,All Sex,5-14 years,123,1
9/30/2020,United States,24,6/13/2020,All Sex,15-24 years,792,8
9/30/2020,United States,24,6/13/2020,All Sex,25-34 years,1458,50
9/30/2020,United States,24,6/13/2020,All Sex,35-44 years,1939,100
9/30/2020,United States,24,6/13/2020,All Sex,45-54 years,3603,256
9/30/2020,United States,24,6/13/2020,All Sex,55-64 years,7830,576
9/30/2020,United States,24,6/13/2020,All Sex,65-74 years,11453,860
9/30/2020,United States,24,6/13/2020,All Sex,75-84 years,13491,1057
9/30/2020,United States,24,6/13/2020,All Sex,85 years and over,16604,1278
9/30/2020,United States,25,6/20/2020,All Sex,Under 1 year,375,0
9/30/2020,United States,25,6/20/2020,All Sex,1-4 years,79,1
9/30/2020,United States,25,6/20/2020,All Sex,5-14 years,112,0
9/30/2020,United States,25,6/20/2020,All Sex,15-24 years,717,10
9/30/2020,United States,25,6/20/2020,All Sex,25-34 years,1526,32
9/30/2020,United States,25,6/20/2020,All Sex,35-44 years,1944,100
9/30/2020,United States,25,6/20/2020,All Sex,45-54 years,3604,234
9/30/2020,United States,25,6/20/2020,All Sex,55-64 years,7716,512
9/30/2020,United States,25,6/20/2020,All Sex,65-74 years,11471,758
9/30/2020,United States,25,6/20/2020,All Sex,75-84 years,13663,952
9/30/2020,United States,25,6/20/2020,All Sex,85 years and over,16401,1196
9/30/2020,United States,26,6/27/2020,All Sex,Under 1 year,329,2
9/30/2020,United States,26,6/27/2020,All Sex,1-4 years,48,2
9/30/2020,United States,26,6/27/2020,All Sex,5-14 years,114,0
9/30/2020,United States,26,6/27/2020,All Sex,15-24 years,796,12
9/30/2020,United States,26,6/27/2020,All Sex,25-34 years,1514,34
9/30/2020,United States,26,6/27/2020,All Sex,35-44 years,1995,88
9/30/2020,United States,26,6/27/2020,All Sex,45-54 years,3550,259
9/30/2020,United States,26,6/27/2020,All Sex,55-64 years,7815,533
9/30/2020,United States,26,6/27/2020,All Sex,65-74 years,11422,794
9/30/2020,United States,26,6/27/2020,All Sex,75-84 years,13747,944
9/30/2020,United States,26,6/27/2020,All Sex,85 years and over,16759,1098
9/30/2020,United States,27,7/4/2020,All Sex,Under 1 year,366,2
9/30/2020,United States,27,7/4/2020,All Sex,1-4 years,75,0
9/30/2020,United States,27,7/4/2020,All Sex,5-14 years,129,2
9/30/2020,United States,27,7/4/2020,All Sex,15-24 years,741,18
9/30/2020,United States,27,7/4/2020,All Sex,25-34 years,1524,66
9/30/2020,United States,27,7/4/2020,All Sex,35-44 years,2069,140
9/30/2020,United States,27,7/4/2020,All Sex,45-54 years,3726,313
9/30/2020,United States,27,7/4/2020,All Sex,55-64 years,8178,620
9/30/2020,United States,27,7/4/2020,All Sex,65-74 years,11727,963
9/30/2020,United States,27,7/4/2020,All Sex,75-84 years,13856,1069
9/30/2020,United States,27,7/4/2020,All Sex,85 years and over,16908,1255
9/30/2020,United States,28,7/11/2020,All Sex,Under 1 year,376,2
9/30/2020,United States,28,7/11/2020,All Sex,1-4 years,77,1
9/30/2020,United States,28,7/11/2020,All Sex,5-14 years,131,3
9/30/2020,United States,28,7/11/2020,All Sex,15-24 years,819,20
9/30/2020,United States,28,7/11/2020,All Sex,25-34 years,1470,70
9/30/2020,United States,28,7/11/2020,All Sex,35-44 years,2189,193
9/30/2020,United States,28,7/11/2020,All Sex,45-54 years,3816,357
9/30/2020,United States,28,7/11/2020,All Sex,55-64 years,8507,829
9/30/2020,United States,28,7/11/2020,All Sex,65-74 years,12405,1250
9/30/2020,United States,28,7/11/2020,All Sex,75-84 years,14244,1469
9/30/2020,United States,28,7/11/2020,All Sex,85 years and over,17149,1460
9/30/2020,United States,29,7/18/2020,All Sex,Under 1 year,291,1
9/30/2020,United States,29,7/18/2020,All Sex,1-4 years,73,0
9/30/2020,United States,29,7/18/2020,All Sex,5-14 years,115,1
9/30/2020,United States,29,7/18/2020,All Sex,15-24 years,760,21
9/30/2020,United States,29,7/18/2020,All Sex,25-34 years,1567,94
9/30/2020,United States,29,7/18/2020,All Sex,35-44 years,2219,188
9/30/2020,United States,29,7/18/2020,All Sex,45-54 years,3765,444
9/30/2020,United States,29,7/18/2020,All Sex,55-64 years,8370,1009
9/30/2020,United States,29,7/18/2020,All Sex,65-74 years,12445,1583
9/30/2020,United States,29,7/18/2020,All Sex,75-84 years,14757,1809
9/30/2020,United States,29,7/18/2020,All Sex,85 years and over,17745,1876
9/30/2020,United States,30,7/25/2020,All Sex,Under 1 year,347,0
9/30/2020,United States,30,7/25/2020,All Sex,1-4 years,78,0
9/30/2020,United States,30,7/25/2020,All Sex,5-14 years,114,3
9/30/2020,United States,30,7/25/2020,All Sex,15-24 years,742,25
9/30/2020,United States,30,7/25/2020,All Sex,25-34 years,1538,79
9/30/2020,United States,30,7/25/2020,All Sex,35-44 years,2111,215
9/30/2020,United States,30,7/25/2020,All Sex,45-54 years,3760,505
9/30/2020,United States,30,7/25/2020,All Sex,55-64 years,8384,1109
9/30/2020,United States,30,7/25/2020,All Sex,65-74 years,12670,1878
9/30/2020,United States,30,7/25/2020,All Sex,75-84 years,15109,2120
9/30/2020,United States,30,7/25/2020,All Sex,85 years and over,17720,2061
9/30/2020,United States,31,8/1/2020,All Sex,Under 1 year,293,0
9/30/2020,United States,31,8/1/2020,All Sex,1-4 years,64,0
9/30/2020,United States,31,8/1/2020,All Sex,5-14 years,96,4
9/30/2020,United States,31,8/1/2020,All Sex,15-24 years,697,20
9/30/2020,United States,31,8/1/2020,All Sex,25-34 years,1397,56
9/30/2020,United States,31,8/1/2020,All Sex,35-44 years,2118,194
9/30/2020,United States,31,8/1/2020,All Sex,45-54 years,3652,488
9/30/2020,United States,31,8/1/2020,All Sex,55-64 years,8389,1140
9/30/2020,United States,31,8/1/2020,All Sex,65-74 years,12576,1875
9/30/2020,United States,31,8/1/2020,All Sex,75-84 years,14986,2144
9/30/2020,United States,31,8/1/2020,All Sex,85 years and over,17469,2086
9/30/2020,United States,32,8/8/2020,All Sex,Under 1 year,348,0
9/30/2020,United States,32,8/8/2020,All Sex,1-4 years,70,1
9/30/2020,United States,32,8/8/2020,All Sex,5-14 years,88,2
9/30/2020,United States,32,8/8/2020,All Sex,15-24 years,678,15
9/30/2020,United States,32,8/8/2020,All Sex,25-34 years,1415,57
9/30/2020,United States,32,8/8/2020,All Sex,35-44 years,2042,164
9/30/2020,United States,32,8/8/2020,All Sex,45-54 years,3673,442
9/30/2020,United States,32,8/8/2020,All Sex,55-64 years,8463,1025
9/30/2020,United States,32,8/8/2020,All Sex,65-74 years,12480,1748
9/30/2020,United States,32,8/8/2020,All Sex,75-84 years,15100,2075
9/30/2020,United States,32,8/8/2020,All Sex,85 years and over,17436,1983
9/30/2020,United States,33,8/15/2020,All Sex,Under 1 year,287,1
9/30/2020,United States,33,8/15/2020,All Sex,1-4 years,61,1
9/30/2020,United States,33,8/15/2020,All Sex,5-14 years,95,0
9/30/2020,United States,33,8/15/2020,All Sex,15-24 years,716,18
9/30/2020,United States,33,8/15/2020,All Sex,25-34 years,1417,48
9/30/2020,United States,33,8/15/2020,All Sex,35-44 years,1953,161
9/30/2020,United States,33,8/15/2020,All Sex,45-54 years,3577,384
9/30/2020,United States,33,8/15/2020,All Sex,55-64 years,8068,948
9/30/2020,United States,33,8/15/2020,All Sex,65-74 years,12367,1541
9/30/2020,United States,33,8/15/2020,All Sex,75-84 years,14859,1901
9/30/2020,United States,33,8/15/2020,All Sex,85 years and over,17416,1851
9/30/2020,United States,34,8/22/2020,All Sex,Under 1 year,288,0
9/30/2020,United States,34,8/22/2020,All Sex,1-4 years,44,2
9/30/2020,United States,34,8/22/2020,All Sex,5-14 years,80,1
9/30/2020,United States,34,8/22/2020,All Sex,15-24 years,683,16
9/30/2020,United States,34,8/22/2020,All Sex,25-34 years,1298,42
9/30/2020,United States,34,8/22/2020,All Sex,35-44 years,1802,114
9/30/2020,United States,34,8/22/2020,All Sex,45-54 years,3412,349
9/30/2020,United States,34,8/22/2020,All Sex,55-64 years,7536,800
9/30/2020,United States,34,8/22/2020,All Sex,65-74 years,11815,1372
9/30/2020,United States,34,8/22/2020,All Sex,75-84 years,14177,1565
9/30/2020,United States,34,8/22/2020,All Sex,85 years and over,16956,1588
9/30/2020,United States,35,8/29/2020,All Sex,Under 1 year,280,0
9/30/2020,United States,35,8/29/2020,All Sex,1-4 years,51,0
9/30/2020,United States,35,8/29/2020,All Sex,5-14 years,91,1
9/30/2020,United States,35,8/29/2020,All Sex,15-24 years,634,11
9/30/2020,United States,35,8/29/2020,All Sex,25-34 years,1228,27
9/30/2020,United States,35,8/29/2020,All Sex,35-44 years,1761,88
9/30/2020,United States,35,8/29/2020,All Sex,45-54 years,3137,253
9/30/2020,United States,35,8/29/2020,All Sex,55-64 years,7194,698
9/30/2020,United States,35,8/29/2020,All Sex,65-74 years,11007,1191
9/30/2020,United States,35,8/29/2020,All Sex,75-84 years,13444,1369
9/30/2020,United States,35,8/29/2020,All Sex,85 years and over,16461,1468
9/30/2020,United States,36,9/5/2020,All Sex,Under 1 year,254,0
9/30/2020,United States,36,9/5/2020,All Sex,1-4 years,48,0
9/30/2020,United States,36,9/5/2020,All Sex,5-14 years,79,0
9/30/2020,United States,36,9/5/2020,All Sex,15-24 years,552,8
9/30/2020,United States,36,9/5/2020,All Sex,25-34 years,1162,27
9/30/2020,United States,36,9/5/2020,All Sex,35-44 years,1700,69
9/30/2020,United States,36,9/5/2020,All Sex,45-54 years,2996,207
9/30/2020,United States,36,9/5/2020,All Sex,55-64 years,6728,537
9/30/2020,United States,36,9/5/2020,All Sex,65-74 years,10488,914
9/30/2020,United States,36,9/5/2020,All Sex,75-84 years,12683,1185
9/30/2020,United States,36,9/5/2020,All Sex,85 years and over,15417,1215
9/30/2020,United States,37,9/12/2020,All Sex,Under 1 year,246,0
9/30/2020,United States,37,9/12/2020,All Sex,1-4 years,43,0
9/30/2020,United States,37,9/12/2020,All Sex,5-14 years,79,0
9/30/2020,United States,37,9/12/2020,All Sex,15-24 years,544,8
9/30/2020,United States,37,9/12/2020,All Sex,25-34 years,1035,27
9/30/2020,United States,37,9/12/2020,All Sex,35-44 years,1462,65
9/30/2020,United States,37,9/12/2020,All Sex,45-54 years,2609,171
9/30/2020,United States,37,9/12/2020,All Sex,55-64 years,6199,433
9/30/2020,United States,37,9/12/2020,All Sex,65-74 years,9540,751
9/30/2020,United States,37,9/12/2020,All Sex,75-84 years,11785,906
9/30/2020,United States,37,9/12/2020,All Sex,85 years and over,14529,951
9/30/2020,United States,38,9/19/2020,All Sex,Under 1 year,152,0
9/30/2020,United States,38,9/19/2020,All Sex,1-4 years,29,0
9/30/2020,United States,38,9/19/2020,All Sex,5-14 years,55,0
9/30/2020,United States,38,9/19/2020,All Sex,15-24 years,393,1
9/30/2020,United States,38,9/19/2020,All Sex,25-34 years,763,11
9/30/2020,United States,38,9/19/2020,All Sex,35-44 years,1063,37
9/30/2020,United States,38,9/19/2020,All Sex,45-54 years,1972,77
9/30/2020,United States,38,9/19/2020,All Sex,55-64 years,4661,214
9/30/2020,United States,38,9/19/2020,All Sex,65-74 years,7613,412
9/30/2020,United States,38,9/19/2020,All Sex,75-84 years,9661,509
9/30/2020,United States,38,9/19/2020,All Sex,85 years and over,12381,641
9/30/2020,United States,39,9/26/2020,All Sex,Under 1 year,53,0
9/30/2020,United States,39,9/26/2020,All Sex,1-4 years,9,0
9/30/2020,United States,39,9/26/2020,All Sex,5-14 years,22,0
9/30/2020,United States,39,9/26/2020,All Sex,15-24 years,123,0
9/30/2020,United States,39,9/26/2020,All Sex,25-34 years,290,2
9/30/2020,United States,39,9/26/2020,All Sex,35-44 years,431,4
9/30/2020,United States,39,9/26/2020,All Sex,45-54 years,796,17
9/30/2020,United States,39,9/26/2020,All Sex,55-64 years,1904,36
9/30/2020,United States,39,9/26/2020,All Sex,65-74 years,3165,63
9/30/2020,United States,39,9/26/2020,All Sex,75-84 years,4224,88
9/30/2020,United States,39,9/26/2020,All Sex,85 years and over,5938,105
9/30/2020,United States,5,2/1/2020,All Sex,All ages,58586,0
9/30/2020,United States,6,2/8/2020,All Sex,All ages,59302,1
9/30/2020,United States,7,2/15/2020,All Sex,All ages,58709,0
9/30/2020,United States,8,2/22/2020,All Sex,All ages,58748,5
9/30/2020,United States,9,2/29/2020,All Sex,All ages,59181,9
9/30/2020,United States,10,3/7/2020,All Sex,All ages,59579,35
9/30/2020,United States,11,3/14/2020,All Sex,All ages,58548,53
9/30/2020,United States,12,3/21/2020,All Sex,All ages,59098,571
9/30/2020,United States,13,3/28/2020,All Sex,All ages,62882,3152
9/30/2020,United States,14,4/4/2020,All Sex,All ages,72138,10016
9/30/2020,United States,15,4/11/2020,All Sex,All ages,78901,16176
9/30/2020,United States,16,4/18/2020,All Sex,All ages,76557,17055
9/30/2020,United States,17,4/25/2020,All Sex,All ages,73651,15425
9/30/2020,United States,18,5/2/2020,All Sex,All ages,69052,13137
9/30/2020,United States,19,5/9/2020,All Sex,All ages,66632,11162
9/30/2020,United States,20,5/16/2020,All Sex,All ages,64276,9157
9/30/2020,United States,21,5/23/2020,All Sex,All ages,61375,7155
9/30/2020,United States,22,5/30/2020,All Sex,All ages,59414,6105
9/30/2020,United States,23,6/6/2020,All Sex,All ages,58610,4983
9/30/2020,United States,24,6/13/2020,All Sex,All ages,57723,4187
9/30/2020,United States,25,6/20/2020,All Sex,All ages,57608,3795
9/30/2020,United States,26,6/27/2020,All Sex,All ages,58089,3766
9/30/2020,United States,27,7/4/2020,All Sex,All ages,59299,4448
9/30/2020,United States,28,7/11/2020,All Sex,All ages,61183,5654
9/30/2020,United States,29,7/18/2020,All Sex,All ages,62107,7026
9/30/2020,United States,30,7/25/2020,All Sex,All ages,62573,7995
9/30/2020,United States,31,8/1/2020,All Sex,All ages,61737,8007
9/30/2020,United States,32,8/8/2020,All Sex,All ages,61793,7512
9/30/2020,United States,33,8/15/2020,All Sex,All ages,60816,6854
9/30/2020,United States,34,8/22/2020,All Sex,All ages,58091,5849
9/30/2020,United States,35,8/29/2020,All Sex,All ages,55288,5106
9/30/2020,United States,36,9/5/2020,All Sex,All ages,52107,4162
9/30/2020,United States,37,9/12/2020,All Sex,All ages,48071,3312
9/30/2020,United States,38,9/19/2020,All Sex,All ages,38743,1902
9/30/2020,United States,39,9/26/2020,All Sex,All ages,16955,315
